cardholder_id,first_name,last_name,dob,occupation_id,gender
1,Jeff,Elliott,3/19/1968,1,M
2,Joanne,Williams,1/17/1990,2,F
3,Ashley,Lopez,10/21/1970,3,F
4,Brian,Williams,7/25/1987,4,M
5,Nathan,Massey,7/6/1955,5,M
6,Danielle,Evans,10/13/1991,6,F
7,Kayla,Sutton,1/15/1951,7,F
8,Paula,Estrada,3/5/1972,8,F
9,David,Everett,5/27/1973,9,M
10,Kayla,Obrien,5/30/1956,10,F
11,Samuel,Jenkins,4/10/1996,11,M
12,Louis,Fisher,2/26/1976,12,M
13,Melissa,Meza,1/4/1977,13,F
14,William,Thompson,3/17/1937,14,M
15,Ashley,Whitney,11/2/1971,15,F
16,Christine,Leblanc,4/9/1988,16,F
17,Charles,Moreno,2/13/1987,17,M
18,Lauren,Torres,7/24/1992,18,F
19,Ashley,Cruz,12/16/1977,19,F
20,Gina,Grimes,9/22/1997,20,F
21,Shannon,Williams,12/27/1997,21,F
22,Stacy,Villegas,5/9/1992,22,F
23,Christopher,Johnson,11/26/1971,23,M
24,Rebecca,Conley,11/23/1997,24,F
25,Kristen,Hanson,6/18/1985,25,F
26,Terri,Bailey,10/4/1991,26,F
27,William,Johnson,8/30/1957,27,M
28,Cody,Hooper,10/6/1968,28,M
29,Kathleen,Martin,11/30/1948,29,F
30,Mary,Schmidt,12/29/1957,30,F
31,Frank,Key,2/28/1930,31,M
32,Mary,Wall,7/19/1974,32,F
33,Daniel,Cain,8/8/1964,33,M
34,Mackenzie,Salazar,11/20/1974,34,F
35,Krystal,Gamble,2/15/1964,35,F
36,James,Reese,6/11/1958,36,M
37,Charles,Carrillo,4/19/1995,37,M
38,Jessica,Dominguez,1/8/1970,38,F
39,Samuel,Johnston,7/12/1980,39,M
40,Zachary,Allen,7/24/1969,16,M
41,Jenna,Brooks,2/22/1977,40,F
42,Andrew,Mcgee,12/28/1975,41,M
43,David,Wolfe,12/28/1974,42,M
44,Jessica,Garcia,4/22/1961,43,F
45,Dale,Smith,12/15/1943,44,M
46,Lisa,Lin,11/28/1972,45,F
47,Jeffrey,White,12/11/1979,46,M
48,Sandra,Schwartz,11/6/1986,47,F
49,Amanda,Spencer,3/13/1994,48,F
50,Jackie,Davis,10/27/1974,49,F
51,Joshua,Cohen,11/2/1974,50,M
52,Audrey,Gonzalez,5/6/1929,51,F
53,Kathryn,Smith,10/26/1988,52,F
54,Bridget,Bowen,3/19/1934,53,F
55,Jeremy,Roberson,9/29/1993,54,M
56,Mary,Myers,12/30/1964,55,F
57,Melissa,Brown,3/14/1986,21,F
58,Angie,Jones,10/22/1979,56,F
59,Judy,Hogan,9/1/1999,57,F
60,Jessica,Perez,10/28/1987,58,F
61,Adam,Santos,7/30/1982,59,M
62,John,Stevens,7/29/1998,60,M
63,Tara,Campbell,8/1/1984,61,F
64,Monica,West,3/28/1972,62,F
65,Allison,Ayala,8/29/1985,13,F
66,Juan,Henry,1/4/1964,63,M
67,Monica,Tucker,6/6/1999,64,F
68,Kenneth,Robinson,12/21/1980,65,M
69,Kimberly,Gonzalez,12/20/1975,51,F
70,Robert,Evans,6/20/1985,66,M
71,Bradley,Anderson,1/28/1968,67,M
72,Matthew,Lambert,1/22/1978,68,M
73,Charles,Robles,2/28/1989,69,M
74,Tanner,Carroll,4/8/1989,70,M
75,Beth,Lambert,9/27/1970,71,F
76,Lindsay,Wilson,7/17/1989,72,F
77,Sharon,Johnson,9/1/1984,73,F
78,Joshua,Mendoza,9/16/1967,74,M
79,Michelle,Rodriguez,8/16/2000,75,F
80,Benjamin,Martin,6/9/1949,76,M
81,Edward,Hensley,1/18/1986,77,M
82,Stephen,Marshall,10/5/1978,78,M
83,Vincent,Ward,4/3/1986,79,M
84,Adam,Riddle,5/30/1974,41,M
85,Christopher,Cummings,8/24/1967,80,M
86,Bryan,Miller,3/14/1970,81,M
87,Jared,Walters,9/8/1938,82,M
88,Theresa,Blackwell,2/14/1966,83,F
89,Gail,Weaver,12/31/1986,84,F
90,Michelle,Woods,3/21/1988,85,F
91,Allison,Allen,4/8/1993,86,F
92,Wayne,Payne,1/4/1966,87,M
93,Valerie,Davis,9/2/1985,88,F
94,Daniel,Escobar,11/5/1971,89,M
95,Joseph,Nixon,4/7/1965,90,M
96,Amanda,Molina,5/23/1972,16,F
97,Marissa,Powell,9/15/1980,91,F
98,Vincent,Cain,12/7/1945,92,M
99,Daniel,Briggs,8/4/1988,93,M
100,Melinda,Gutierrez,8/19/1945,94,F
101,Carolyn,Perez,8/31/1985,95,F
102,Jennifer,Spencer,10/3/1992,96,F
103,Brandy,Quinn,7/24/1983,97,F
104,Monique,Martin,10/4/1949,98,F
105,Joseph,Gonzalez,3/6/1978,99,M
106,Grace,Williams,11/20/1970,100,F
107,Amber,Lewis,5/8/2004,101,F
108,Lisa,Mendez,7/6/1952,102,F
109,Jessica,Ward,10/24/1981,103,F
110,Theresa,Powell,3/23/1977,104,F
111,Lawrence,Frost,1/21/1983,105,M
112,Monica,Lane,4/17/1970,106,F
113,Ana,Mccormick,2/11/1971,107,F
114,Mark,Wood,8/22/1997,108,M
115,Amanda,Gomez,4/16/1975,82,F
116,Nathan,Mendoza,7/18/1972,109,M
117,Barbara,Lowe,9/11/1970,83,F
118,Jordan,May,7/5/1984,110,M
119,Derek,Bentley,11/8/1951,70,M
120,Michael,Johnson,9/22/1973,111,M
121,Lori,Rodriguez,6/24/1979,112,F
122,Jerry,Robinson,12/21/1966,113,M
123,Mary,Mcintyre,4/6/1964,114,F
124,Amber,Perez,6/26/1955,115,F
125,Ian,Patton,2/7/1973,116,M
126,Rachel,Lowe,2/11/1982,117,F
127,Daniel,Boyd,7/1/1972,118,M
128,Katherine,Tucker,7/3/1979,119,F
129,Julie,Johnson,11/22/1968,120,F
130,Jennifer,Black,8/29/1981,121,F
131,Megan,Murphy,8/19/1950,122,F
132,Kathy,Hughes,1/2/1997,123,F
133,Whitney,Gallagher,8/4/1997,124,F
134,Jason,Farmer,2/3/1998,125,M
135,Randall,Burgess,9/14/2003,126,M
136,Taylor,Khan,5/25/1954,127,F
137,Jose,Vasquez,12/27/1999,128,M
138,Martin,Ford,12/13/1960,88,M
139,Dorothy,Thomas,11/12/1996,129,F
140,Destiny,Lowe,6/5/1991,130,F
141,William,Cannon,10/16/1941,131,M
142,Amanda,Vance,3/19/1962,29,F
143,Stanley,Dickson,6/21/1990,132,M
144,David,Rodriguez,5/25/1995,109,M
145,Mary,Diaz,2/17/1986,133,F
146,Amy,Abbott,11/9/1970,134,F
147,Sharon,Smith,9/22/1972,135,F
148,Kenneth,Edwards,7/25/1955,136,M
149,Michele,Patrick,6/12/1957,95,F
150,James,Stephens,7/7/1975,82,M
151,Rebecca,Erickson,2/8/1983,137,F
152,Leslie,Ford,8/30/1946,138,F
153,Karen,Sullivan,6/2/1975,139,F
154,Toni,Gomez,5/23/1953,140,F
155,Mike,Tran,10/30/1924,141,M
156,Richard,Brown,2/15/1988,142,M
157,Christopher,Gomez,9/3/1951,143,M
158,Joe,Howard,10/26/1978,144,M
159,Patricia,Mendoza,6/13/1963,51,F
160,Brian,Perez,4/3/1960,145,M
161,Erin,Chavez,7/31/1975,146,F
162,Jared,Velazquez,4/29/1993,100,M
163,Jonathan,Byrd,10/17/1986,9,M
164,Billy,Gallagher,3/25/1965,147,M
165,Gloria,Wallace,8/5/1971,148,F
166,Steven,Yoder,6/19/1992,149,M
167,Jeffrey,Munoz,10/11/1975,150,M
168,Rachel,Villarreal,6/22/2001,151,F
169,Rebecca,Butler,6/7/1966,152,F
170,Richard,Barnes,8/28/2000,153,M
171,Lisa,Lowe,10/19/1990,154,F
172,Juan,Sherman,10/17/1995,155,M
173,Cody,Miller,12/8/1953,156,M
174,Morgan,Murray,5/27/1950,54,F
175,Patrick,Torres,1/20/1960,54,M
176,Melissa,Krause,6/13/1951,157,F
177,Crystal,Fuller,2/29/1984,158,F
178,Robert,Haynes,6/4/1997,15,M
179,Travis,Hayes,10/25/1999,159,M
180,Monique,Robinson,12/22/1969,160,F
181,Angela,Edwards,6/19/2004,161,F
182,James,Strickland,10/23/1997,162,M
183,Adam,Mcdonald,1/31/1991,163,M
184,Adriana,Harvey,9/15/1950,164,F
185,Jeffrey,Rice,2/14/1961,120,M
186,Sara,Ramirez,3/25/1988,165,F
187,Francisco,Kemp,3/31/1985,166,M
188,Briana,Santos,1/6/1960,167,F
189,Robert,Ashley,3/31/1959,168,M
190,Cheryl,Morgan,9/11/1999,169,F
191,Justin,Aguilar,6/30/1954,48,M
192,John,Peters,9/3/1979,170,M
193,Kenneth,Sanchez,5/31/1999,119,M
194,Patricia,Leach,2/14/1987,171,F
195,Chris,White,2/8/1989,172,M
196,Susan,Hardy,4/12/1979,173,F
197,Curtis,Young,10/9/1970,174,M
198,Lori,Bishop,11/30/1999,28,F
199,Tammy,Ayers,9/15/1988,57,F
200,Brent,Terrell,1/21/1966,175,M
201,Sally,Moore,11/16/1949,80,F
202,Mackenzie,Smith,12/26/1973,42,F
203,James,Bishop,1/14/1969,176,M
204,Mary,Pruitt,11/18/1987,177,F
205,Mary,Williams,11/18/1997,178,F
206,Christopher,Farrell,1/1/1991,179,M
207,Margaret,Williams,7/12/1926,180,F
208,Morgan,Smith,11/14/1973,181,F
209,Patricia,Rodriguez,4/5/1957,182,F
210,Kenneth,Doyle,8/16/1977,183,M
211,Steven,Walters,1/21/1979,184,M
212,Jessica,Werner,12/10/1971,130,F
213,Sarah,Bishop,11/12/1970,185,F
214,Andrew,Patterson,6/13/2000,186,M
215,Mark,Rivera,12/18/1990,187,M
216,Micheal,Walters,7/5/2001,12,M
217,Kyle,Simmons,6/24/1966,188,M
218,Richard,Vance,12/3/1985,113,M
219,Thomas,Hale,11/6/1984,189,M
220,Haley,Wagner,5/28/1943,190,F
221,David,Miller,2/14/1984,191,M
222,Amanda,Smith,5/4/1973,182,F
223,Lauren,Anderson,5/4/1972,146,F
224,Jacqueline,Curry,11/23/1990,183,F
225,Bethany,Andrade,5/22/1966,192,F
226,Jennifer,Bishop,8/24/1983,193,F
227,Cheryl,Ballard,6/14/1972,51,F
228,Dawn,Tucker,12/16/1984,112,F
229,Dawn,Gray,12/30/2004,194,F
230,Tiffany,Stephens,12/26/1957,114,F
231,Jessica,Benitez,1/13/1960,195,F
232,Vicki,Mendoza,7/18/1987,196,F
233,Timothy,Gomez,11/24/1994,197,M
234,Victoria,Fleming,12/4/1995,198,F
235,Becky,Mckinney,1/5/1972,140,F
236,Elizabeth,Maxwell,3/10/1974,199,F
237,Vincent,Waller,7/15/1954,200,M
238,Felicia,Thomas,5/27/1993,24,F
239,Jose,Campbell,1/4/1977,201,M
240,Jennifer,Conner,6/19/1961,163,F
241,Christopher,Matthews,1/7/1982,48,M
242,Sarah,Adams,5/29/1966,202,F
243,Dylan,Bonilla,6/20/1986,203,M
244,Gregory,Graham,11/22/1980,204,M
245,Sarah,Foster,11/21/1976,205,F
246,Melissa,Rodriguez,9/1/1985,60,F
247,Anna,Logan,9/11/1995,14,F
248,Tanner,Davis,8/4/1969,41,M
249,Tyler,Mills,5/3/1990,159,M
250,Christopher,Adkins,6/27/1982,58,M
251,Samuel,Frey,5/10/1993,206,M
252,Thomas,Gibson,3/22/1948,207,M
253,Brittany,Cox,4/25/1961,208,F
254,Alan,Parsons,12/4/1955,209,M
255,Michael,Francis,6/29/1975,210,M
256,John,Nichols,1/8/1979,133,M
257,Jacqueline,Howard,2/13/1964,211,F
258,Kimberly,Miller,6/15/1976,212,F
259,Stephanie,Gill,6/21/1978,213,F
260,Marissa,Clark,1/18/1997,214,F
261,Carrie,Washington,10/7/1998,215,F
262,Melvin,Wright,12/19/2001,69,M
263,Jill,Flores,3/29/1981,216,F
264,Emily,Hall,8/9/1972,167,F
265,Derrick,Flores,3/23/1993,217,M
266,Jacob,Dawson,3/20/1962,112,M
267,Jerry,Kelly,5/28/1967,76,M
268,Sara,Harris,10/9/1976,218,F
269,Julia,Bell,6/25/1990,43,F
270,Monica,Cohen,7/25/1983,219,F
271,Shelby,Mitchell,7/13/1975,220,F
272,James,Leon,10/4/1991,29,M
273,Kristen,Allen,7/13/1973,221,F
274,Regina,Johnston,7/8/1978,222,F
275,Jim,Johnson,9/12/1972,84,M
276,Maria,Roy,10/14/1973,223,F
277,Andrea,Cruz,8/22/1954,224,F
278,Linda,Sanchez,6/22/1981,225,F
279,Jill,Jacobs,11/30/1978,45,F
280,Christian,Johns,1/27/1987,226,M
281,Erika,Anderson,7/15/1947,8,F
282,Lori,Ramirez,2/20/2000,38,F
283,Olivia,Stephenson,3/29/1991,227,F
284,Kevin,Elliott,2/16/1994,63,M
285,Carlos,Chung,7/25/1972,151,M
286,Jeremy,White,1/12/1967,127,M
287,Alyssa,Morgan,2/9/1963,228,F
288,Melissa,Aguilar,3/28/1974,229,F
289,Michael,Williams,6/9/1973,230,M
290,Lauren,Butler,9/1/1971,231,F
291,Jeremy,Whitney,4/30/1979,182,M
292,Keith,Sanders,3/5/1999,131,M
293,Linda,Hurst,6/30/1948,82,F
294,Stephen,Lopez,8/1/1982,1,M
295,Micheal,Hernandez,5/1/1991,232,M
296,Larry,House,7/28/1973,233,M
297,Holly,Mann,12/8/1985,14,F
298,Susan,Washington,7/26/1965,234,F
299,Kathleen,Thompson,6/23/1934,235,F
300,Alan,Colon,9/11/1993,161,M
301,David,White,8/15/1972,216,M
302,William,Fitzgerald,6/13/1987,120,M
303,Donna,Moreno,10/22/1991,236,F
304,Joseph,Davis,7/30/1980,58,M
305,Jennifer,Gonzalez,4/16/1974,237,F
306,Aaron,Rogers,3/15/1945,209,M
307,Cassandra,Nunez,9/15/1965,238,F
308,Angela,White,10/19/1977,239,F
309,Tammy,Davis,8/12/1977,240,F
310,Sharon,Powell,8/16/1989,241,F
311,Scott,Martin,9/8/1976,242,M
312,Debra,Stark,10/14/1983,211,F
313,Karen,Gordon,4/18/1972,166,F
314,Joanna,Hudson,1/30/1986,45,F
315,Aaron,Stewart,4/22/1995,59,M
316,Randy,Wood,10/7/1975,243,M
317,Eddie,Mendez,7/13/1990,244,M
318,Hannah,Thomas,5/24/1976,116,F
319,Cody,Dean,3/31/1951,205,M
320,Meredith,Ayala,5/1/1936,10,F
321,Justin,Bell,12/13/1986,245,M
322,Laura,Johns,5/14/1989,246,F
323,Derek,Jones,1/6/1981,247,M
324,Brianna,Foley,4/22/1994,248,F
325,Greg,Villarreal,7/2/1982,178,M
326,Jennifer,Jones,7/22/1936,249,F
327,Christina,Eaton,11/12/1986,250,F
328,Michelle,Gregory,7/5/1997,2,F
329,Kimberly,Myers,11/17/1964,36,F
330,Kimberly,Webb,4/5/1950,251,F
331,Jamie,Carr,2/15/1972,213,F
332,Jason,Murphy,9/15/1988,252,M
333,Sophia,Dickson,2/9/1934,253,F
334,Kimberly,Rice,5/4/1984,254,F
335,Michael,Flores,4/15/1986,255,M
336,Dylan,Garcia,6/29/1935,256,M
337,Walter,Blair,2/17/1958,7,M
338,Nancy,Roach,11/16/1941,15,F
339,Randy,Murphy,7/26/2001,257,M
340,Kenneth,Richards,2/22/1970,258,M
341,Kyle,Park,10/18/1953,256,M
342,David,Bonilla,1/16/1982,30,M
343,Robert,Williams,3/13/1995,259,M
344,Rachel,Daniels,6/12/1972,260,F
345,Drew,Garcia,7/23/1992,112,M
346,Michael,Rowe,1/23/1957,261,M
347,Michelle,Johnston,11/7/1990,244,F
348,Jacqueline,Allen,2/10/1968,115,F
349,Deborah,Fisher,9/30/1978,140,F
350,Tanya,Williams,8/14/1958,262,F
351,Eric,Preston,12/15/1965,263,M
352,Kristina,Stewart,4/25/1971,264,F
353,Denise,Barnett,11/12/1957,265,F
354,Jeffrey,Smith,1/15/1978,218,M
355,Teresa,Stein,12/5/1974,266,F
356,Elizabeth,Payne,9/15/1956,267,F
357,Jacob,Patel,4/30/1962,268,M
358,Danielle,Allen,5/26/1952,125,F
359,Jared,Camacho,6/30/1963,269,M
360,Jacob,Weber,11/11/1962,221,M
361,Michelle,Anderson,6/1/1939,270,F
362,Thomas,Jenkins,1/3/1974,271,M
363,Corey,Jones,5/4/1962,207,M
364,Gary,Martinez,3/12/1997,260,M
365,Nathan,Mayer,5/1/1969,272,M
366,Jack,Hill,12/21/1945,273,M
367,Crystal,Gamble,1/1/1985,274,F
368,Pamela,Curtis,12/17/1986,275,F
369,John,Mccormick,10/8/1956,262,M
370,Susan,Shah,2/4/1967,276,F
371,Steven,Faulkner,10/13/1952,277,M
372,Ricky,Dunn,9/2/1983,278,M
373,Debra,Becker,3/19/1929,279,F
374,Janet,Turner,12/17/1989,43,F
375,Melissa,Mcclure,12/16/1980,125,F
376,Gina,Morrison,10/1/1998,280,F
377,Barbara,Norman,8/29/1981,281,F
378,Aaron,Murray,12/23/1974,282,M
379,Alicia,Bishop,3/25/1950,184,F
380,Jacqueline,Marsh,2/5/1951,224,F
381,Laura,Walker,1/13/1960,283,F
382,Erik,Patterson,11/24/1961,214,M
383,Nathan,Martinez,9/11/1975,224,M
384,Justin,Fowler,5/19/1984,222,M
385,Raymond,Lloyd,6/19/1966,284,M
386,Jessica,Potter,9/6/1988,140,F
387,Alex,White,9/19/1968,285,M
388,Harry,Mckee,8/31/1984,286,M
389,Brianna,Page,6/26/1958,179,F
390,Steven,Arnold,6/4/1962,1,M
391,Kayla,Jones,9/26/1987,154,F
392,Christopher,Holt,3/28/1957,287,M
393,Joshua,Carpenter,11/9/1990,288,M
394,Heather,Roberts,11/19/1960,48,F
395,Kelsey,Richards,8/16/1993,253,F
396,Tyler,Wright,5/18/1980,289,M
397,Marcia,Molina,9/27/1962,261,F
398,Timothy,Kirby,2/22/1987,290,M
399,Cory,Thomas,9/27/1970,291,M
400,Jeffrey,Smith,8/16/1995,292,M
401,Laura,Casey,5/10/1959,293,F
402,Alicia,Miller,12/27/1979,10,F
403,Jennifer,Scott,8/5/1960,1,F
404,Lisa,Hendrix,8/16/1987,240,F
405,Lisa,Lopez,9/13/1984,27,F
406,Diane,Jackson,12/10/1954,294,F
407,John,Myers,2/8/1982,295,M
408,Xavier,Beltran,6/4/1984,215,M
409,Christine,Harris,3/19/1998,272,F
410,Nicholas,Thornton,1/6/1942,296,M
411,Kristina,Lewis,6/18/1968,297,F
412,Michael,Gross,1/29/2005,298,M
413,Rebecca,Obrien,6/8/1990,299,F
414,Tyler,Garcia,3/28/1986,300,M
415,Craig,Dunn,10/5/1993,169,M
416,Nicholas,Tran,1/13/1955,301,M
417,Jason,Singh,5/7/2003,302,M
418,Benjamin,Rogers,12/8/1994,303,M
419,Valerie,Clark,11/11/1965,273,F
420,Ashley,Blanchard,6/14/1960,109,F
421,Brenda,Perez,3/21/1985,71,F
422,Omar,Gay,10/28/1989,304,M
423,William,Skinner,2/1/1955,36,M
424,Kendra,King,6/13/1983,44,F
425,Patricia,Gonzalez,3/30/1967,131,F
426,Heather,Hines,10/16/1962,11,F
427,Amanda,Wheeler,2/9/1968,305,F
428,Antonio,Koch,11/24/1989,306,M
429,Martin,Duarte,5/4/1942,307,M
430,Tina,Lawrence,4/12/1976,222,F
431,Steven,Johnson,12/12/1969,220,M
432,Alicia,Mitchell,9/7/1948,308,F
433,Karen,Cooper,3/1/1960,309,F
434,Christopher,Gregory,2/26/1993,310,M
435,Jessica,Shaw,8/23/1929,311,F
436,Nicholas,Mcmahon,4/19/1982,312,M
437,Jennifer,Garcia,5/13/1962,313,F
438,Sandra,Davies,10/26/1958,26,F
439,Felicia,Combs,10/5/1993,314,F
440,Stanley,Mayo,5/19/1987,315,M
441,Meredith,Campbell,6/28/1999,55,F
442,Terrance,Mckinney,8/8/1966,182,M
443,Bill,Lane,8/23/1964,316,M
444,Jeffrey,Vargas,12/7/1945,317,M
445,Patrick,Massey,10/27/1947,274,M
446,Margaret,Ray,5/6/1981,318,F
447,John,Robertson,9/22/1987,319,M
448,John,Clarke,9/3/1961,320,M
449,Robert,Long,7/5/1981,321,M
450,Natalie,Watson,5/30/1959,99,F
451,Karen,Ryan,1/20/1992,322,F
452,Kurt,Peters,3/18/1980,323,M
453,Sherry,Martinez,9/20/1945,324,F
454,Kevin,Walters,9/2/1958,282,M
455,Christopher,Henry,3/16/1964,255,M
456,Willie,Jordan,8/8/1957,215,M
457,Linda,Davis,3/28/1936,325,F
458,Michael,Lee,3/3/1984,325,M
459,Sarah,Bell,10/19/1971,326,F
460,Larry,Warner,1/15/1976,279,M
461,Aaron,Pena,11/27/1950,278,M
462,Phillip,Delacruz,9/21/1969,295,M
463,Scott,Fuller,7/20/1984,13,M
464,Kimberly,Martin,9/18/1980,104,F
465,Dawn,Cox,1/15/1995,327,F
466,Steven,Sanders,11/14/1948,328,M
467,Vanessa,Anderson,7/9/1994,275,F
468,Elizabeth,Glover,11/20/1992,329,F
469,Robert,Nguyen,8/24/1946,330,M
470,Vincent,Mueller,6/28/1959,100,M
471,Diana,Jacobs,5/2/1986,331,F
472,Tanya,Dickerson,7/27/1994,21,F
473,Ryan,Joseph,8/17/1986,287,M
474,Renee,Parrish,10/12/1983,332,F
475,Nathan,Stewart,2/18/1964,1,M
476,Margaret,Lam,10/4/1972,116,F
477,John,Miller,10/12/1993,166,M
478,Joel,Rivera,11/11/1944,101,M
479,Brandon,Pittman,10/9/1973,189,M
480,Rebecca,Farley,2/25/1990,101,F
481,Matthew,Young,5/6/1955,333,M
482,Warren,Daniels,1/21/1973,204,M
483,Phillip,Robertson,5/6/1955,266,M
484,Kara,Miles,7/31/1961,334,F
485,Christian,Roman,10/15/1974,119,M
486,Ellen,Carrillo,12/31/1972,35,F
487,Tina,Zimmerman,5/1/1986,10,F
488,Timothy,Simmons,7/17/1977,321,M
489,Matthew,Huerta,5/13/1985,335,M
490,Nathan,Thomas,3/15/1938,88,M
491,Eric,Patel,7/10/2001,55,M
492,Nathan,Byrd,4/3/1985,336,M
493,Michael,Fisher,4/11/1991,98,M
494,Tara,Richards,11/4/1945,83,F
495,Alan,Howard,11/1/1946,337,M
496,Robin,Smith,4/5/1962,223,F
497,Angela,West,5/29/1968,191,F
498,Danielle,Yu,1/2/1976,338,F
499,Jacqueline,Washington,3/31/1986,265,F
500,Carol,Dillon,3/19/1985,339,F
501,William,Jenkins,11/17/1993,340,M
502,Steven,Brooks,10/4/1967,336,M
503,April,Johnson,9/19/1987,226,F
504,Christie,Williamson,8/20/1971,341,F
505,Jennifer,Banks,3/9/1988,276,F
506,Cassandra,Sanders,4/13/1991,280,F
507,Shannon,Bell,12/14/1976,245,F
508,Jodi,Rodriguez,3/23/1977,342,F
509,Alice,Kemp,4/15/1985,159,F
510,Robert,Goodman,12/10/1976,343,M
511,Krystal,Key,3/20/1949,344,F
512,Hailey,Rhodes,7/29/1972,345,F
513,Ellen,Smith,6/9/2000,176,F
514,Michelle,Beck,10/28/1967,346,F
515,Sabrina,Johnson,4/23/1987,347,F
516,Stephanie,Cummings,8/27/1926,348,F
517,Angela,Hodges,11/30/1975,111,F
518,Lisa,Clark,10/7/1993,349,F
519,Sarah,Clark,3/6/1984,350,F
520,Maria,Rosales,6/22/1963,269,F
521,Jesse,Roberts,4/15/1988,324,M
522,Kevin,Pena,10/15/1990,166,M
523,Teresa,Blankenship,1/26/1931,80,F
524,Thomas,Cross,3/13/1974,337,M
525,Jeffery,Sanders,4/17/1957,232,M
526,Kelly,Zimmerman,2/10/1935,351,F
527,Melody,Thompson,1/20/1953,352,F
528,Jessica,Jordan,8/13/1930,293,F
529,Hannah,Knight,9/13/1961,353,F
530,Scott,Martin,8/2/1967,353,M
531,Julian,Price,6/12/1977,354,M
532,Cristian,Jones,7/23/1986,173,M
533,Melanie,Jimenez,9/27/1959,269,F
534,Breanna,Rodriguez,1/24/1990,355,F
535,Ruth,Fuller,5/5/1967,187,F
536,Kathleen,Nash,2/1/1960,77,F
537,Jeffery,Brown,12/28/1963,356,M
538,Amanda,Williams,11/27/1992,98,F
539,Jamie,Olson,3/7/1931,357,F
540,Barbara,Taylor,7/12/1995,142,F
541,Richard,Carter,9/29/1976,311,M
542,Shawn,King,10/18/1976,70,M
543,Bianca,Novak,8/14/1947,358,F
544,James,Hunt,2/9/1994,86,M
545,Justin,Bell,10/19/1973,220,M
546,David,Lewis,7/3/1984,359,M
547,Christopher,Sheppard,2/10/1982,343,M
548,Angela,Taylor,10/18/1972,176,F
549,Rick,Martinez,3/13/1970,211,M
550,Gary,Barnes,6/11/1986,115,M
551,Kevin,Summers,1/26/1975,174,M
552,James,Baldwin,3/24/1980,41,M
553,Veronica,Burton,8/21/1991,272,F
554,Connie,Carroll,4/3/1955,337,F
555,William,Thomas,10/6/1989,176,M
556,Stephanie,Middleton,10/26/1987,350,F
557,Jamie,Robinson,1/16/1960,360,F
558,Rita,Myers,9/16/1966,361,F
559,Kaitlyn,Newman,6/22/1956,21,F
560,Felicia,Mckee,7/5/1954,362,F
561,Vincent,Flowers,12/27/1985,175,M
562,Amanda,Adams,11/24/1986,363,F
563,Allen,Bell,2/15/1974,181,M
564,Julie,Sanchez,7/28/1988,286,F
565,Paul,Wade,5/22/1990,297,M
566,Candice,Brown,6/14/1983,171,F
567,Margaret,Curtis,12/24/1984,364,F
568,Stephanie,Murphy,10/30/1969,83,F
569,Robert,Flores,9/20/1958,365,M
570,Randall,Dillon,11/24/1942,366,M
571,Gregory,Wallace,9/12/1976,367,M
572,Christine,Best,1/5/1954,294,F
573,Jerry,Perkins,6/27/1970,265,M
574,Lance,Wagner,6/1/1975,43,M
575,Linda,Park,8/4/1963,242,F
576,Matthew,Russell,9/9/1927,368,M
577,Gerald,Frank,8/10/1981,369,M
578,Adam,Stark,7/1/1997,370,M
579,Mark,Tyler,4/28/1986,272,M
580,Ana,Howell,6/3/1984,321,F
581,Robert,Hall,4/29/1987,371,M
582,Gina,Gomez,9/11/1969,356,F
583,Karen,Johnson,5/19/1963,372,F
584,Christina,Moore,8/30/1995,227,F
585,Mary,Lewis,5/30/1929,356,F
586,Bryan,Torres,6/19/1967,373,M
587,Dakota,Maldonado,10/24/1927,238,M
588,Margaret,Gibson,3/26/1976,238,F
589,Leah,Garner,10/8/1992,374,F
590,Stephanie,Taylor,8/6/1971,149,F
591,Cesar,Smith,7/1/1968,375,M
592,George,Floyd,9/14/1974,376,M
593,Spencer,Williams,1/15/1959,75,M
594,Janet,Carpenter,9/2/1988,235,F
595,Roberta,Mccarthy,4/6/1973,377,F
596,Charles,Preston,2/14/1962,286,M
597,Erica,Briggs,3/13/1991,177,F
598,Pamela,Lewis,11/1/1988,378,F
599,Christopher,Horn,6/26/1926,298,M
600,Joseph,Spencer,4/3/1946,68,M
601,Debbie,Hughes,8/25/1983,317,F
602,Christopher,Odom,7/6/1991,75,M
603,Donna,Davis,1/20/1972,362,F
604,Ryan,Cook,5/31/1948,379,M
605,Robert,James,1/31/1961,304,M
606,Amber,Thornton,9/13/1940,347,F
607,William,Hunter,11/1/1969,380,M
608,Ann,Lawson,11/29/1981,39,F
609,Margaret,Mendez,10/1/1978,130,F
610,Patrick,Vaughan,3/2/1956,30,M
611,Bryce,Joseph,5/5/1945,381,M
612,David,Cole,3/2/1969,7,M
613,Andrew,Tucker,12/12/1971,291,M
614,Debra,Eaton,1/29/1935,14,F
615,Michael,Rodriguez,4/19/1953,205,M
616,Teresa,Clark,5/13/1968,382,F
617,Natasha,Mclaughlin,8/21/1985,383,F
618,Erika,Mason,4/17/1942,322,F
619,David,Erickson,6/26/1928,384,M
620,David,Serrano,12/18/1978,74,M
621,Lawrence,Davis,2/22/1969,231,M
622,Megan,Bernard,3/1/1994,244,F
623,Thomas,Mathis,11/22/1969,104,M
624,Johnny,Bennett,7/5/1993,385,M
625,John,Williams,5/1/1956,297,M
626,Gerald,Anthony,12/15/1966,226,M
627,Christina,Rose,7/10/1983,153,F
628,Cynthia,Davis,10/1/1928,233,F
629,Savannah,Lewis,10/25/1993,386,F
630,Ronald,Carson,6/30/1965,329,M
631,Matthew,Myers,1/9/1980,172,M
632,Christopher,Luna,1/28/1971,285,M
633,Misty,Rivera,8/23/1940,387,F
634,Mario,Johns,9/8/1935,388,M
635,James,Cooper,4/1/1973,355,M
636,Erik,Stevens,10/13/1949,389,M
637,Jennifer,Vega,11/18/1962,15,F
638,Joanne,Padilla,9/1/1956,390,F
639,Philip,Hart,10/7/1994,391,M
640,Billy,Mcdonald,5/28/1959,363,M
641,George,Smith,9/27/1952,376,M
642,Kenneth,Foster,4/4/1985,214,M
643,Andrea,Perkins,9/13/1972,392,F
644,Joseph,Morgan,8/5/1959,131,M
645,Tina,Alvarez,8/14/1949,235,F
646,Robert,Martinez,1/4/1988,63,M
647,Mary,Humphrey,11/12/1994,393,F
648,Lauren,Williams,5/28/1982,394,F
649,Jennifer,Vance,11/10/1955,395,F
650,Peggy,Berry,1/2/1985,310,F
651,Carrie,Lewis,5/5/1987,396,F
652,Samuel,Sandoval,2/5/1982,358,M
653,Casey,Howell,11/10/1966,170,F
654,Larry,Williams,4/2/1933,293,M
655,Adam,Kirk,9/12/1931,397,M
656,Frank,Anderson,1/2/1979,102,M
657,Wayne,Marsh,8/27/1978,398,M
658,Gary,Hall,5/2/1956,223,M
659,Hayden,Sanders,5/18/1974,399,M
660,Anthony,Velasquez,3/17/1967,73,M
661,Carolyn,Thomas,5/7/1952,400,F
662,Gabriella,Jordan,6/9/1970,92,F
663,Brian,Hogan,4/8/1960,286,M
664,Joseph,Wagner,10/7/1959,401,M
665,Bianca,Scott,7/15/1928,402,F
666,Benjamin,Kim,1/9/1956,30,M
667,Chris,Dixon,6/13/1990,115,M
668,Amanda,Jones,12/6/1962,344,F
669,Linda,Davis,3/4/1978,115,F
670,Jessica,Terry,3/26/1971,403,F
671,Cheryl,Melton,5/7/1973,404,F
672,Claire,Davis,6/7/1977,405,F
673,Dustin,Roberts,5/14/1993,280,M
674,David,Thomas,5/23/1963,406,M
675,Brooke,Smith,9/15/1969,277,F
676,Samuel,Farrell,6/14/1977,407,M
677,Brittany,Guerra,6/30/1943,392,F
678,Helen,Campbell,7/14/1954,277,F
679,Heather,Stanton,4/22/1964,168,F
680,Mary,Rodriguez,9/27/1965,39,F
681,John,Hudson,5/1/1948,408,M
682,Jasmine,Wade,11/29/1995,91,F
683,Kylie,Kirby,7/8/1995,172,F
684,Edward,Sanchez,1/19/1962,409,M
685,Lisa,Collins,8/17/1980,342,F
686,Douglas,Willis,9/10/1958,410,M
687,James,Yoder,10/4/1978,195,M
688,William,Perry,5/31/1994,281,M
689,Linda,Gonzalez,3/8/1952,411,F
690,Gregory,Wood,3/15/1964,365,M
691,Amy,Garrett,2/26/1987,412,F
692,Jennifer,Carrillo,6/19/1999,42,F
693,Jeffrey,Powers,4/2/1942,194,M
694,Vincent,Richards,3/4/1981,337,M
695,Stephanie,Hopkins,4/9/1967,167,F
696,Tammy,Maldonado,1/11/1996,273,F
697,Kyle,Wright,5/16/1968,110,M
698,Amanda,Fitzgerald,5/25/1985,413,F
699,Erika,Gonzalez,6/18/1959,37,F
700,Peter,Caldwell,4/24/1987,414,M
701,Brooke,Rodriguez,9/19/1988,415,F
702,Ashley,Cabrera,5/7/1986,3,F
703,Stacy,Lambert,12/24/1974,195,F
704,Stephanie,Crane,1/5/1955,177,F
705,Christine,Davis,1/20/1955,208,F
706,Dalton,Jones,4/6/1958,170,M
707,Ashley,Mcdonald,10/6/1934,22,F
708,Danielle,Walker,12/25/1953,416,F
709,Jason,Hernandez,8/19/1991,417,M
710,Samuel,Short,9/19/1966,252,M
711,Barbara,Nelson,9/8/1987,125,F
712,Jonathan,Castro,4/13/1965,384,M
713,Alan,Taylor,4/13/1953,418,M
714,Susan,Garcia,4/11/1976,419,F
715,Christopher,Carr,9/28/1961,18,M
716,Christopher,Rodgers,9/29/1976,67,M
717,Audrey,Martinez,3/19/1953,252,F
718,Kyle,James,6/25/1975,420,M
719,Jacqueline,Caldwell,11/2/1993,421,F
720,James,Lynch,7/8/1989,422,M
721,Daniel,Owens,4/2/1928,423,M
722,Daniel,Martinez,4/3/1942,424,M
723,Catherine,Weber,6/24/1968,425,F
724,Jodi,Foster,8/13/1962,365,F
725,Lawrence,Ellis,11/7/1961,95,M
726,Christopher,Gilbert,7/20/1970,148,M
727,Steven,Williams,8/21/1947,426,M
728,Tami,Forbes,12/29/1963,28,F
729,Frank,Foster,4/30/1975,137,M
730,Robert,Drake,3/30/1941,104,M
731,Maureen,Garza,3/12/1960,189,F
732,Sarah,Scott,10/21/1930,427,F
733,Alicia,Morales,11/4/1939,162,F
734,Bradley,Martinez,6/30/1976,250,M
735,Christine,Burns,7/30/1959,364,F
736,John,Nichols,9/30/1967,428,M
737,Bryan,Pugh,5/23/1978,429,M
738,Edward,Tapia,7/26/1944,430,M
739,Anthony,Roberts,12/17/1943,431,M
740,John,Chandler,11/20/1969,118,M
741,Jeffrey,Lewis,3/20/1983,200,M
742,Angela,Ross,12/29/1992,128,F
743,William,Lopez,6/20/1967,432,M
744,Christopher,Grimes,4/11/1948,132,M
745,Mark,Allen,4/25/1957,29,M
746,Susan,Mills,4/2/1952,341,F
747,Andrea,Lewis,9/14/1956,285,F
748,Katherine,Pennington,1/15/1957,185,F
749,Tammie,Harper,5/19/1961,121,F
750,Carl,Hernandez,3/27/1936,194,M
751,Thomas,Sullivan,3/18/2004,143,M
752,Mark,Brown,11/9/1939,203,M
753,Christine,Johnson,5/27/1967,433,F
754,Ashley,Robinson,8/15/1935,434,F
755,Amy,Flynn,4/17/1950,435,F
756,Ashley,Whitehead,6/12/1983,363,F
757,David,Hughes,10/10/1995,140,M
758,Michael,Olson,2/13/1966,17,M
759,Mary,Juarez,1/6/1942,152,F
760,Judith,Moss,3/9/1939,232,F
761,Sheila,Baker,9/17/1940,436,F
762,David,Campbell,2/4/1991,101,M
763,Christopher,Castaneda,8/30/1967,324,M
764,Karen,Warren,12/26/1997,231,F
765,Belinda,Jimenez,12/27/1982,51,F
766,John,Davis,1/10/1976,307,M
767,Amanda,Alexander,11/21/1965,363,F
768,Katherine,Cooper,9/23/1967,163,F
769,Brenda,Johnson,3/4/1962,437,F
770,Donald,Evans,12/10/1989,106,M
771,Ariana,Campbell,11/5/1936,418,F
772,Christina,Nelson,3/21/1946,302,F
773,Mark,Nguyen,4/22/1963,438,M
774,Jessica,Bell,7/8/1985,439,F
775,Benjamin,Robinson,4/4/1963,440,M
776,Erica,Walker,3/24/1968,317,F
777,Benjamin,Harris,2/15/1981,284,M
778,William,Marshall,2/18/1981,96,M
779,Kristin,Williams,7/31/1941,164,F
780,Shannon,Patterson,10/29/1958,441,F
781,Joshua,Bryant,12/13/1956,255,M
782,Ronald,White,12/25/1978,378,M
783,Michelle,Russell,4/24/1949,324,F
784,David,Rogers,4/22/1929,26,M
785,Sheri,Thomas,9/11/1963,324,F
786,Jeremy,Perry,7/14/1963,90,M
787,Sydney,Montoya,7/21/1954,313,F
788,Michael,Garner,2/1/1937,66,M
789,Tyler,Small,12/24/1975,244,M
790,Katherine,Love,4/15/1935,413,F
791,Daniel,Melton,2/13/1962,368,M
792,Sabrina,Nolan,2/7/1984,311,F
793,Michael,Orozco,3/9/1989,442,M
794,David,Kirby,1/18/1970,275,M
795,Tabitha,Reyes,5/13/1961,309,F
796,Maria,Garcia,7/2/1971,443,F
797,Christopher,Patterson,4/12/1962,361,M
798,Scott,Cole,1/16/1960,444,M
799,Justin,Gay,2/2/1946,445,M
800,Ryan,Johnson,5/16/1973,303,M
801,Joseph,Moody,4/23/1941,446,M
802,Robert,Holland,5/16/1969,79,M
803,Jeremy,Moore,1/29/1952,401,M
804,Amy,Daugherty,5/20/1998,324,F
805,Christopher,Miller,5/14/1944,11,M
806,Ryan,Arnold,3/12/1967,15,M
807,Diane,Smith,4/27/1965,62,F
808,Justin,Carter,10/18/1967,108,M
809,Jason,Mcmahon,11/20/1950,447,M
810,Jeremy,Jones,2/21/1966,448,M
811,Adam,Keller,9/17/1932,25,M
812,Tracy,Conway,4/25/1990,406,F
813,Alicia,Hawkins,3/15/1933,286,F
814,James,Greene,3/18/1998,3,M
815,Danielle,Hayden,1/1/1958,198,F
816,Shelby,Cannon,1/24/1956,192,F
817,Dwayne,Martinez,4/8/1989,449,M
818,Brian,Simpson,12/3/1966,240,M
819,Daniel,Jones,6/6/1959,42,M
820,John,Vega,2/3/1991,387,M
821,Michelle,Juarez,6/12/1955,356,F
822,Robert,Velazquez,3/10/1932,15,M
823,Brooke,Fisher,6/27/1962,100,F
824,Michael,Jones,9/10/1961,398,M
825,Victoria,Mcbride,4/7/1929,179,F
826,Frederick,Robinson,4/1/1965,450,M
827,William,Martinez,11/11/1940,123,M
828,Stacy,Walsh,5/10/1966,451,F
829,Brianna,Wilson,9/19/1939,74,F
830,Melissa,Phillips,1/21/1961,292,F
831,Jasmine,Foster,12/5/1952,452,F
832,Christopher,Choi,8/13/1990,43,M
833,Joseph,Murray,8/18/1980,453,M
834,Susan,Hernandez,1/3/1972,26,F
835,Audrey,Hickman,5/25/1927,385,F
836,Zachary,Boone,12/11/1927,41,M
837,Charles,Rodriguez,5/20/1982,454,M
838,Scott,Edwards,11/7/1955,129,M
839,Monique,Fox,9/14/1926,74,F
840,Robert,James,12/28/1995,183,M
841,Thomas,Payne,11/6/1965,455,M
842,Richard,Waters,1/2/1946,7,M
843,Kyle,Wilkinson,4/14/1939,456,M
844,Tamara,Martinez,1/26/1979,457,F
845,Mckenzie,Brooks,12/14/1961,303,F
846,Francisco,Hernandez,1/6/1954,458,M
847,Steven,Castaneda,6/22/1964,162,M
848,Dorothy,Zuniga,4/27/1988,245,F
849,Lori,Mclean,1/19/1971,2,F
850,Bobby,Smith,11/30/1987,154,M
851,Sean,Miller,1/8/1983,30,M
852,Pamela,Matthews,10/24/1961,459,F
853,Margaret,Ward,6/23/1983,428,F
854,Christopher,Ortega,3/6/1957,54,M
855,Lauren,Moreno,9/6/1940,179,F
856,David,Vasquez,10/7/1992,460,M
857,Daniel,Graham,5/23/1987,461,M
858,Connor,Grant,5/16/1976,462,M
859,Kimberly,Castro,1/29/1954,463,F
860,Katelyn,Wise,2/6/1937,446,F
861,Derrick,George,9/12/1990,353,M
862,Scott,Sullivan,12/7/1952,415,M
863,Elizabeth,Mckee,11/5/1994,305,F
864,Lisa,Fitzpatrick,8/25/1927,222,F
865,Ryan,Foster,11/10/1983,464,M
866,Larry,Vaughan,12/5/1961,356,M
867,Wesley,Parker,1/26/1981,248,M
868,Douglas,Smith,8/18/1964,465,M
869,Sarah,Cross,4/28/1977,466,F
870,Sonya,Jensen,8/11/1946,367,F
871,Christine,Shaffer,4/22/1991,467,F
872,Richard,Marshall,11/17/1949,397,M
873,Robert,Jordan,3/1/1933,151,M
874,Lisa,Garcia,10/14/1971,336,F
875,Collin,Brown,10/28/1990,403,M
876,Megan,Fernandez,8/14/1979,117,F
877,Chris,Daniel,2/19/1982,430,M
878,Jeffrey,Krause,10/19/1989,230,M
879,Peter,Edwards,2/3/1965,161,M
880,Renee,Walls,10/19/1959,304,F
881,Melissa,Flores,9/17/1976,292,F
882,Robert,Sanchez,7/24/1968,248,M
883,Craig,Franco,2/14/1973,128,M
884,Kimberly,Bush,11/26/1945,468,F
885,Michael,Vargas,8/8/1978,119,M
886,Jason,Gray,7/28/1958,256,M
887,Robert,Andrade,10/27/1987,147,M
888,Jessica,Smith,11/19/1932,147,F
889,Jacqueline,Prince,12/4/1951,59,F
890,Heather,Chase,3/7/1941,380,F
891,Christopher,White,3/30/1953,296,M
892,Tommy,Dixon,7/30/1953,3,M
893,Christie,Mendoza,3/20/1969,469,F
894,Kathleen,Heath,1/24/1967,470,F
895,Charles,Copeland,9/8/1969,471,M
896,Anthony,Allen,11/24/1993,466,M
897,Brandon,Bridges,1/28/1991,472,M
898,Guy,Thompson,6/21/1974,473,M
899,David,Nichols,6/4/1963,311,M
900,Patricia,Russell,1/13/1990,316,F
901,Christopher,Raymond,6/14/1954,341,M
902,Dawn,Stephens,10/5/1972,474,F
903,Dennis,Davidson,3/30/1959,280,M
904,Juan,Taylor,6/25/1964,475,M
905,Nicholas,Osborne,5/15/1956,192,M
906,Michael,Jackson,8/28/1967,351,M
907,Jennifer,Scott,12/14/1950,469,F
908,Debbie,Payne,5/18/1977,118,F
909,Gregory,Webster,12/18/1961,329,M
910,Stephanie,Freeman,5/30/1944,476,F
911,Bruce,Hall,6/27/1957,121,M
912,Joseph,Bartlett,5/9/1932,168,M
913,Evan,Santiago,11/14/1968,109,M
914,Renee,Jones,3/28/2000,477,F
915,Morgan,James,12/30/1962,478,F
916,Patrick,Bates,7/6/1968,403,M
917,Debbie,Robbins,2/2/1956,465,F
918,John,Lewis,3/17/2002,311,M
919,Stephanie,Allen,2/5/1968,317,F
920,Rachel,Williams,12/23/1936,83,F
921,Destiny,Fowler,8/2/1998,286,F
922,Nicole,Dominguez,11/8/1969,373,F
923,Jason,Johnson,6/17/1997,320,M
924,Travis,Daniel,3/3/1959,261,M
