merchant_id,merchant_name
1,Kirlin and Sons
2,Sporer-Keebler
3,"Swaniawski, Nitzsche and Welch"
4,Haley Group
5,Johnston-Casper
6,Daugherty LLC
7,Romaguera Ltd
8,Reichel LLC
9,"Goyette, Howell and Collier"
10,Kilback Group
11,"Feil, Hilpert and Koss"
12,Gottlieb Group
13,Connelly-Carter
14,Bechtelar-Rippin
15,Lubowitz-Walter
16,"Welch, Rath and Koepp"
17,Hickle Group
18,"Lang, Towne and Schuppe"
19,Morissette LLC
20,Prosacco LLC
21,Corwin-Romaguera
22,Tillman LLC
23,Veum-Koelpin
24,"Watsica, Haag and Considine"
25,Leannon-Ward
26,"Hintz, Bauch and Smith"
27,Labadie LLC
28,"Eichmann, Hayes and Treutel"
29,Leffler-Goldner
30,Kautzer and Sons
31,Ernser-Feest
32,"Zemlak, Tillman and Cremin"
33,Nienow PLC
34,Lynch-Wisozk
35,Schiller Ltd
36,Hoppe-Parisian
37,Brown-Greenholt
38,Reilly LLC
39,"Moore, Williamson and Emmerich"
40,Rau-Robel
41,"Fadel, Mertz and Rippin"
42,Crona and Sons
43,"Bahringer, Bergnaum and Quitzon"
44,"Koss, Hansen and Lueilwitz"
45,"Yost, Schamberger and Windler"
46,"Armstrong, Walter and Gottlieb"
47,Friesen Ltd
48,Champlin and Sons
49,Bins-Tillman
50,Douglas-White
51,"Hermiston, Pacocha and Smith"
52,"Denesik, Powlowski and Pouros"
53,Nader-Maggio
54,"O'Reilly, Mohr and Purdy"
55,O'Connell-Ullrich
56,Bauch-Blanda
57,"Ruecker, Beer and Collier"
58,Berge-Hills
59,White and Sons
60,Adams-Barrows
61,Pouros-Haag
62,"Hahn, Bahringer and McLaughlin"
63,Ziemann-Waters
64,"Wuckert, Wintheiser and Friesen"
65,Bednar PLC
66,Kihn Inc
67,Fisher Inc
68,"Schneider, Hayes and Nikolaus"
69,"Greenholt, O'Hara and Balistreri"
70,Gottlieb-Hansen
71,"Douglas, Schneider and Turner"
72,"Gutmann, McLaughlin and Wiza"
73,Weber and Sons
74,Bartoletti and Sons
75,Powlowski-Weimann
76,"Lakin, Ferry and Beatty"
77,"Terry, Johns and Bins"
78,Thiel-Thiel
79,Kuhn Group
80,"Schaefer, Fay and Hilll"
81,"Roberts, Ryan and Smith"
82,Stiedemann Ltd
83,Pacocha-Weissnat
84,Homenick LLC
85,Cartwright PLC
86,Kihn-Fritsch
87,Lynch Ltd
88,Klein Group
89,Quitzon-Goyette
90,Greenholt Ltd
91,Bahringer Group
92,Hilpert-Conroy
93,"Witting, Beer and Ernser"
94,Breitenberg-Hermiston
95,Friesen Inc
96,"Baumbach, Strosin and Nicolas"
97,Rippin-VonRueden
98,"Nienow, Ankunding and Collier"
99,Schmidt and Sons
100,"Prosacco, Kreiger and Kovacek"
101,Schumm PLC
102,Berge-Ullrich
103,"Roob, Conn and Tremblay"
104,Kihn-Schuster
105,Monahan-Morar
106,Botsford Ltd
107,Hamill-D'Amore
108,"Bradtke, Torp and Bahringer"
109,Gaylord-Powlowski
110,Mayert Group
111,Beier and Sons
112,Abbott-Steuber
113,Ernser-Lynch
114,Little Ltd
115,Gislason Group
116,Stark-Koss
117,"Crist, Jakubowski and Littel"
118,Kling-Ernser
119,"Cronin, Kshlerin and Weber"
120,Upton PLC
121,Carroll PLC
122,Effertz LLC
123,Windler LLC
124,Satterfield-Lowe
125,Schuppe-Schuppe
126,Nader-Heller
127,Auer-West
128,"Lesch, D'Amore and Brown"
129,Barrows PLC
130,"O'Connell, Botsford and Hand"
131,Bode-Schuster
132,O'Keefe-Wisoky
133,Conroy-Emard
134,Kutch-Ferry
135,Donnelly LLC
136,Weimann-Lockman
137,Runte-Mohr
138,"Dare, Fritsch and Zboncak"
139,"Kihn, Brakus and Goyette"
140,Medhurst PLC
141,Waelchi Inc
142,Dickinson Ltd
143,"Little, Gutmann and Lynch"
144,Schaefer Ltd
145,Ankunding LLC
146,Schoen-Quigley
147,Towne LLC
148,"Hills, Hegmann and Schaefer"
149,"Durgan, Gislason and Spencer"
150,"Hauck, Dietrich and Funk"
151,"Lubowitz, Terry and Stracke"
152,Erdman-Ebert
153,Kub PLC
154,"Lehner, Reichert and Mills"
155,"Schiller, Blanda and Johnson"
156,Bins-Howell
157,"Turcotte, Batz and Buckridge"
158,Will Ltd
159,Gibson-Deckow
160,Treutel-King
161,Schmidt-Larkin
162,"Windler, Goodwin and Kovacek"
163,Medhurst Inc
164,Breitenberg LLC
165,Terry Ltd
166,"Runte, Green and Emard"
167,Feil-Morar
168,Kilback and Sons
169,"Conroy, Balistreri and Gorczany"
170,Schuppe LLC
171,Renner Ltd
172,"Romaguera, Wehner and Tromp"
173,McKenzie-Huels
174,Dare-Marvin
175,Gleason and Sons
176,"Cole, Hills and Jewess"
177,Roob-Okuneva
178,Padberg-Sauer
179,Gerhold LLC
180,Botsford and Sons
181,Volkman-Predovic
182,Dare-Gibson
183,Rempel Inc
184,Torphy-Kertzmann
185,"Runolfsdottir, Mueller and Hand"
186,"Torp, Muller and Borer"
187,Abshire PLC
188,Spencer-Runolfsson
189,Streich Ltd
190,Bernier and Sons
191,"Dare, Casper and Bartoletti"
192,Zboncak LLC
193,Erdman-Durgan
194,Thiel Ltd
195,Heathcote LLC
196,Eichmann-Kilback
197,"Hoppe, Harris and Bednar"
198,Hammes-Beatty
199,Jacobi and Sons
200,Jast and Sons
201,"Streich, Rolfson and Wilderman"
202,Zboncak Ltd
203,Lemke and Sons
204,Kulas Group
205,Goldner-Lemke
206,Predovic Inc
207,Howe Ltd
208,Stoltenberg-Beatty
209,Bruen-Yost
210,"Reichel, Bradtke and Blanda"
211,Morissette PLC
212,"Reichert, Huels and Hoppe"
213,Hills-Witting
214,Shanahan-Lehner
215,Bogisich-Weimann
216,"Douglas, DuBuque and McKenzie"
217,Daugherty-Thompson
218,Goyette-Herzog
219,Keeling-Crist
220,"Walter, Hettinger and Kessler"
221,Kozey-McDermott
222,"McDermott, Osinski and Morar"
223,"Kilback, Nitzsche and Leffler"
224,Vandervort-Funk
225,Hills-Boyer
226,Jast Ltd
227,Grimes LLC
228,Gulgowski LLC
229,Mohr-Bayer
230,"Bahringer, Osinski and Block"
231,Simonis-Prohaska
232,"Kunze, Larkin and Mayert"
233,"Becker, Harris and Harvey"
234,Kutch-Wilderman
235,"Lehner, Mosciski and King"
236,Heaney-Marquardt
237,"McCullough, Hudson and Schuster"
238,Kilback LLC
239,Kub-Heaney
240,"Schumm, McLaughlin and Carter"
241,Heller PLC
242,"Hahn, Douglas and Schowalter"
243,Kertzmann LLC
244,"Mueller, Gerhold and Mueller"
245,"Reinger, Weissnat and Strosin"
246,Connelly PLC
247,Conroy Ltd
248,"Willms, Kris and Bergnaum"
249,"Pouros, Walker and Spencer"
250,"Roberts, Daniel and Macejkovic"
251,"Heathcote, Yost and Kertzmann"
252,Larkin Ltd
253,Metz-Boehm
254,Parker-Kunde
255,Yost-Rogahn
256,Crooks and Sons
257,"Nienow, Barrows and Romaguera"
258,Gleason-Macejkovic
259,Altenwerth-Kilback
260,Kuphal-Toy
261,Schulist Ltd
262,Welch Inc
263,Kassulke PLC
264,Rau-Grant
265,Macejkovic-Lesch
266,"Graham, Hegmann and Hammes"
267,Waters-Cruickshank
268,Lesch Ltd
269,Kozey-Boehm
270,Bode-Rempel
271,"Romaguera, Cruickshank and Greenholt"
272,Howe PLC
273,Volkman PLC
274,"Quitzon, Green and Bashirian"
275,Shields-Wunsch
276,Williamson LLC
277,Fadel Inc
278,Pacocha-Bauch
279,Fisher-Schowalter
280,Johns Inc
281,Nolan-Williamson
282,Maggio-Fahey
283,Denesik and Sons
284,Jast-McDermott
285,Price Inc
286,Schoen Ltd
287,Fahey Inc
288,Stiedemann Inc
289,Mohr Inc
290,Wisozk and Sons
291,Rolfson-Kunde
292,Wuckert-Goldner
293,Pouros-Conroy
294,Kuhn LLC
295,Skiles LLC
296,Boyer PLC
297,Reilly and Sons
298,Ratke and Sons
299,Emmerich-Rau
300,Marvin-Lind
301,Wiza LLC
302,Torp-Lemke
303,"Effertz, Welch and Schowalter"
304,Jerde-Hermann
305,Kassulke Inc
306,Ankunding-Carroll
307,Waelchi-Wolf
308,Pagac LLC
309,Cormier LLC
310,"Larkin, Stracke and Greenfelder"
311,Ebert-Daugherty
312,"Rohan, White and Aufderhar"
313,Schmeler-Howe
314,Osinski Inc
315,"Bernhard, Grant and Langworth"
316,"Hagenes, Kohler and Hoppe"
317,"Klocko, Runolfsdottir and Breitenberg"
318,"Larson, Quitzon and Spencer"
319,"Weber, Thiel and Hammes"
320,Christiansen-Gusikowski
321,Morissette-Schaefer
322,Watsica LLC
323,Jakubowski Group
324,Herzog Ltd
325,Hackett Group
326,Reichel Inc
327,Abernathy and Sons
328,Stark-Batz
329,"Konopelski, Schneider and Hartmann"
330,"Ledner, Hartmann and Feest"
331,Champlin-Casper
332,Goyette-Gerhold
333,"Kihn, Abernathy and Douglas"
334,"Stanton, Jakubowski and Baumbach"
335,Terry-Huel
336,Cummerata-Hilpert
337,Turner and Sons
338,"Bahringer, Schoen and Corkery"
339,"Hettinger, McCullough and Fay"
340,"Hayes, Marquardt and Dibbert"
341,Zulauf LLC
342,Dibbert-Green
343,Brown Inc
344,Fadel-Hilpert
345,"Turner, Ziemann and Lehner"
346,Fritsch LLC
347,"Labadie, Treutel and Bode"
348,"Hodkiewicz, Prohaska and Paucek"
349,Swift PLC
350,Little-Gleichner
351,Stamm-Witting
352,"Zboncak, Rowe and Murazik"
353,Baumbach Ltd
354,"Lowe, Dietrich and Erdman"
355,"Hermiston, Russel and Price"
356,Auer LLC
357,Fritsch and Sons
358,Wilkinson PLC
359,Jakubowski Inc
360,Boyer-Reichert
361,Boyer-Haley
362,Dietrich-Fadel
363,"Haley, Jewess and Bechtelar"
364,McGlynn-Jaskolski
365,"Turcotte, McKenzie and Koss"
366,"Cormier, Stracke and Thiel"
367,"Baumbach, Feeney and Morar"
368,Turcotte-Halvorson
369,Hyatt-Blick
370,"Bernier, Volkman and Hoeger"
371,"Gottlieb, Considine and Schultz"
372,Frami Group
373,Lebsack and Sons
374,"Haley, Batz and Auer"
375,Beier-Hyatt
376,Halvorson Group
377,Johns-Hoeger
378,Schroeder Group
379,"Weimann, Kuhic and Beahan"
380,Kozey-Kuhlman
381,Kris-Padberg
382,Dibbert and Sons
383,Collier LLC
384,Bednar Inc
385,Durgan-Auer
386,Murray-Smitham
387,"Kling, Howe and Schneider"
388,Larson-Moen
389,Cruickshank-Mills
390,"Berge, Kautzer and Harris"
391,O'Hara-Wilderman
392,"Hyatt, Russel and Gleichner"
393,"Bins, Balistreri and Beatty"
394,Jewess LLC
395,"Hartmann, Rowe and Hermann"
396,Buckridge PLC
397,Langworth LLC
398,"Metz, Russel and Metz"
399,"Schoen, Kuphal and Nitzsche"
400,Erdman-Schaden
401,Reichert-Weissnat
402,McDermott-Rice
403,"Streich, Dietrich and Barton"
404,Gerlach Inc
405,Dooley Inc
406,Thompson-Gleason
407,"Reichert, Shanahan and Hayes"
408,"Kutch, Steuber and Gerhold"
409,Harris Group
410,"Schuppe, Nolan and Hoeger"
411,Bashirian Group
412,"Towne, Greenholt and Koepp"
413,Haag-Blanda
414,Abbott-Rogahn
415,Lind-Buckridge
416,"Altenwerth, Cartwright and Koss"
417,"Daugherty, Pouros and Beahan"
418,"Langosh, Wintheiser and Hyatt"
419,Beier LLC
420,"Brown, Homenick and Lesch"
421,Spencer PLC
422,"Ritchie, Oberbrunner and Cremin"
423,Kovacek Ltd
424,Pollich LLC
425,"Baumbach, Hodkiewicz and Walsh"
426,"Koss, McLaughlin and Mayer"
427,Kessler Group
428,Smith-Stokes
429,Herman Inc
430,Kuhic LLC
431,Pfeffer and Sons
432,Botsford PLC
433,"Schoen, Nienow and Bauch"
434,Turner LLC
435,"Parker, Nolan and Trantow"
436,"Ritchie, Bradtke and Stiedemann"
437,Ruecker-Mayert
438,Ullrich Ltd
439,"Schmeler, Bashirian and Price"
440,Mosciski Group
441,"Boehm, Block and Jakubowski"
442,Deckow-Dare
443,Beer-Jast
444,Schimmel-Olson
445,Schmeler Inc
446,Thiel PLC
447,"Boehm, Predovic and Reinger"
448,Graham and Sons
449,McCullough LLC
450,"Mosciski, Gislason and Mertz"
451,"Schroeder, Hauck and Treutel"
452,Block-Parisian
453,Flatley Group
454,"McLaughlin, Armstrong and Koepp"
455,Wilkinson LLC
456,Sawayn PLC
457,Eichmann-Russel
458,Hermann and Sons
459,Goyette Inc
460,Barton LLC
461,"Yost, Block and Koepp"
462,Kerluke-Abshire
463,Padberg-Rogahn
464,Dach-Nader
465,"Wintheiser, Dietrich and Schimmel"
466,"Champlin, Rolfson and Connelly"
467,Jacobi Inc
468,Koelpin and Sons
469,"Medhurst, Labadie and Gottlieb"
470,Bednar Group
471,Friesen-Ortiz
472,"Turner, Ruecker and Parisian"
473,Rutherford-Mertz
474,Gutmann-Upton
475,"Medhurst, Cartwright and Ebert"
476,"Nicolas, Hills and McGlynn"
477,"Nitzsche, Kessler and Wolff"
478,Wilkinson Ltd
479,Kris-Kertzmann
480,Roberts-Beahan
481,Bernhard-Lesch
482,"Monahan, Bogisich and Ledner"
483,Kessler Inc
484,Padberg-Welch
485,Block Group
486,Torphy-Goyette
487,"Mante, Luettgen and Hackett"
488,Bailey-Morar
489,Lynch-Mohr
490,"Rodriguez, Yost and Jenkins"
491,Stamm-Rodriguez
492,"Okuneva, Schneider and Rau"
493,Hirthe-Beier
494,Tromp Group
495,"Schroeder, Wolff and Hermiston"
496,"Reichert, Rowe and Mraz"
497,Bahringer-Streich
498,Romaguera and Sons
499,Lemke-Gutmann
500,Heller-Langosh
501,Hintz-Bruen
502,McGlynn-Heathcote
503,Bernhard Inc
504,Bahringer-Larson
505,"Reilly, Heaney and Cole"
506,"Bernier, Streich and Jewess"
507,Friesen-D'Amore
508,"Huel, Hammes and Witting"
509,Miller-Hauck
510,Skiles-Ankunding
511,Schmitt Ltd
512,Kerluke Inc
513,Volkman Ltd
514,Prohaska-Murray
515,Schmitt Inc
516,"Kerluke, Considine and Macejkovic"
517,Kutch-Hegmann
518,Spinka Inc
519,Stracke-Lemke
520,"Raynor, Feest and Miller"
521,Strosin-Cruickshank
522,"Schaefer, McGlynn and Bosco"
523,Marks Inc
524,Huel-Langworth
525,"Eichmann, Bogan and Rodriguez"
526,"Morissette, Weber and Wiegand"
527,"Moen, Reinger and Murphy"
528,"Schultz, Simonis and Little"
529,"Ferry, Lynch and Kautzer"
530,"Osinski, Ledner and Leuschke"
531,Ledner-Pfannerstill
532,O'Keefe-Hudson
533,Murray Ltd
534,Pfeffer LLC
535,Cole PLC
536,Hudson-Ratke
537,Kuvalis Ltd
538,Miller-Harris
539,"Zieme, Bode and Dooley"
540,"Swaniawski, Lowe and Robel"
541,Kemmer-Buckridge
542,"Swift, Bradtke and Marquardt"
543,"Olson, Becker and Koch"
544,Bartoletti-Wunsch
545,Emard Inc
546,"Ferry, Reichel and DuBuque"
547,Kemmer-Reinger
548,Koss and Sons
549,Hackett-Lueilwitz
550,Barton Inc
551,Lockman Ltd
552,Klocko LLC
553,Kunze Inc
554,Luettgen PLC
555,Cummerata-Jones
556,"Rowe, Batz and Goodwin"
557,Kling Inc
558,Kiehn-Emmerich
559,Parisian and Sons
560,Sporer Inc
561,Kuphal-Bartoletti
562,"Harris, Gusikowski and Heaney"
563,Mraz-Herzog
564,Huels-Hahn
565,"Stroman, Hudson and Erdman"
566,Huel Ltd
567,"Cremin, Hamill and Reichel"
568,Rowe-Vandervort
569,Bins-Rice
570,DuBuque LLC
571,Torp-Labadie
572,Kiehn Inc
573,"Tillman, Dickinson and Labadie"
574,Friesen-Stamm
575,Kuhic Inc
576,Dickinson-Rempel
577,Hudson-Grady
578,"Goldner, Kovacek and Abbott"
579,Corwin-Collins
580,"Tillman, Fritsch and Schmitt"
581,Dach-Borer
582,Morar Inc
583,"Kutch, Hermiston and Farrell"
584,"Connelly, Reichert and Fritsch"
585,Schamberger-O'Keefe
586,McDermott-Weimann
587,Kerluke PLC
588,"Casper, Hand and Zulauf"
589,"Greenfelder, Bartoletti and Davis"
590,Cartwright-Harris
591,Rau and Sons
592,Erdman-Kertzmann
593,Hamill-Daugherty
594,Jaskolski-Vandervort
595,Huels-Nolan
596,Trantow PLC
597,"Lockman, West and Runte"
598,"Johnson, Runolfsdottir and Mayer"
599,"Kovacek, Dibbert and Ondricka"
600,"Raynor, Reinger and Hagenes"
601,Kutch LLC
602,Dooley-Thompson
603,Harber Inc
604,"Schumm, Bauch and Ondricka"
605,"Moore, Dibbert and Koepp"
606,Flatley-Durgan
607,Rodriguez Group
608,"Stokes, Christiansen and Sipes"
609,Heidenreich PLC
610,Bauch-Raynor
611,"Langworth, Boehm and Gulgowski"
612,Runolfsson and Sons
613,Ortiz Group
614,Zemlak Group
615,Wuckert-Walter
616,"Tromp, Kerluke and Glover"
617,Ruecker Group
618,Deckow-O'Conner
619,"Heller, Gutmann and Zieme"
620,"Robel, Cummerata and Prosacco"
621,"Lind, Huel and McClure"
622,Roob LLC
623,VonRueden Group
624,Wolf Inc
625,Kutch and Sons
626,Gutmann Ltd
627,"Jones, Sawayn and Romaguera"
628,Brekke and Sons
629,"Adams, Kovacek and Kuhlman"
630,Collier Inc
631,"Greenholt, Jacobi and Gleason"
632,"Stehr, Jewess and Schimmel"
633,Koepp-Witting
634,Cummings LLC
635,Wiegand-Lowe
636,Paucek-Wiza
637,Conroy-Cruickshank
638,Bogisich-Homenick
639,"Jenkins, Hauck and Friesen"
640,Emmerich-Luettgen
641,Cassin-Harvey
642,"Schaefer, Maggio and Daugherty"
643,"Kohler, Lindgren and Koelpin"
644,Doyle Ltd
645,Heller-Abshire
646,"Mosciski, Ziemann and Farrell"
647,Cummings Group
648,"Swaniawski, Bahringer and Ledner"
649,"Christiansen, Goyette and Schamberger"
650,Bradtke PLC
651,"Streich, Hansen and Veum"
652,Pacocha-O'Reilly
653,Koepp-Parker
654,Auer-Mosciski
655,"Wiza, Schaden and Stark"
656,"Kuhic, Bins and Pfeffer"
657,Bogisich Inc
658,Kling-Grant
659,Kutch Group
660,Kuphal-Predovic
661,Balistreri-Nader
662,Harris Inc
663,Berge LLC
664,"Towne, Walker and Borer"
665,"Herman, Treutel and Dickens"
666,Kris-Weimann
667,Reynolds-Schinner
668,Goodwin-Nitzsche
669,Jaskolski-Dibbert
670,Dicki Ltd
671,Funk Group
672,"Rutherford, Homenick and Bergstrom"
673,"Kerluke, Kertzmann and Wiza"
674,Donnelly PLC
675,Spinka-Welch
676,Brown PLC
677,Kunde-Sanford
678,"Parisian, Schiller and Altenwerth"
679,Smitham-Boehm
680,Shields Inc
681,"Johnston, Nikolaus and Maggio"
682,Smitham-Schiller
683,Hills-Olson
684,"Rippin, Kub and Mann"
685,Rempel PLC
686,Leannon-Nikolaus
687,"Monahan, Hermann and Johns"
688,Block-Hauck
689,"Hagenes, Hermann and Stroman"
690,Hermann-Gaylord
691,Mante Group
692,Corwin-Gorczany
693,McCullough Group
